title,link
éŸŒæ€§æ•…äº‹çŸ­ç‰‡å¾µé¸,https://bhuntr.com/tw/competitions/7zaun5gid4vsc1t0i9
2024ç¬¬å››å±†å°ç£æˆ¿å±‹è¦ªæƒ…æ–‡å­¸ç,https://bhuntr.com/tw/competitions/ere87izih152ujnj59
ç¬¬äº”å±†ç¬¬ä¸€æ¢¯æ¬¡Tå¤§ä½¿è¨ˆç•«,https://bhuntr.com/tw/competitions/kmh5lbgq20egzbzimv
2024å…¨åœ‹å­¸ç”Ÿæ”å½±æ¯”è³½,https://bhuntr.com/tw/competitions/ijdatnrid3dfqb68k8
ç¬¬ä¸‰å±†æ°¸è±é‡‘æ§æ ¡åœ’å•†æ¥­ç«¶è³½,https://bhuntr.com/tw/competitions/2j7caw8wuyajnc5wl0
2024 æ”¾è¦–å¤§è³,https://bhuntr.com/tw/competitions/s5uzvd968dqz7bstq8
G-Force ç¶ èƒ½å‰µæ„è¨­è¨ˆè³½,https://bhuntr.com/tw/competitions/2gt0b6sm2gbo6a0hq6
æ†‚é¬±ä¸»é¡ŒåŸå‰µæ­Œæ›²/å¾®é›»å½±å¾µç¨¿æ´»å‹•,https://bhuntr.com/tw/competitions/1cj5lwubdzchxg75fe
2024å¹´å…¨åœ‹å­¸ç”Ÿåœ–ç•«æ›¸å‰µä½œç,https://bhuntr.com/tw/competitions/mtjjseznw2rp7eojam
ç¬¬2å±†ç·‹æŸ“å¤©ç©ºæ’ç•«æ¯”è³½,https://bhuntr.com/tw/competitions/dzxgmygitmlruevsi3
ç¬¬29å±†è¬å®¶é¦™æº«é¦¨å®¶åœ’ï¼ç«¥è¨€ç«¥ç•«ç”„é¸æ¯”è³½,https://bhuntr.com/tw/competitions/ekl94t0gtlvd410bfq
ç“©è¨­è¨ˆçkW Design Awardâ”€ç¬¬24å±†å‰µæ„ç«¶è³½,https://bhuntr.com/tw/competitions/7e9r8q4aydg5vlyoum
2024é•·æ¦®èˆªç©º E S G æ°¸çºŒå‰µæ–°è¨­è¨ˆç«¶è³½,https://bhuntr.com/tw/competitions/3qzos36w1ff6g481ru
ã€Œä¸€ä¸€ä¸‰å¹´è‹—æ —ç¾å±•ã€é›™å¹´å±•å¾µä»¶,https://bhuntr.com/tw/competitions/3r7gejgtc4yqo8n8o8
2024 å·´å“ˆå§†ç‰¹ ACG å‰µä½œå¤§è³½,https://bhuntr.com/tw/competitions/24qi1mgqw6wyd4vue9
2024 ç¬¬äºŒåå››å±†å’Œæ³°æ±½è»Šå…¨åœ‹å…’ç«¥äº¤é€šå®‰å…¨ç¹ªç•«æ¯”è³½,https://bhuntr.com/tw/competitions/hxkl112t20sgfhfm2u
2024å¹´ç¬¬äºŒåå±†å…¨åœ‹é›»å­è¨­è¨ˆå‰µæ„ç«¶è³½,https://bhuntr.com/tw/competitions/0jhm9wiyehrl8brt9z
ç¬¬å››å±†æ–°æœˆå‰µä½œç,https://bhuntr.com/tw/competitions/s597auozs4x4y7tnoj
2024ç¬¬åä¸‰å±†å¥è±ªç›ƒè¨­è¨ˆå¤§è³½,https://bhuntr.com/tw/competitions/905ag3vojzwkgkxrqw
2024 è²¡åœ˜æ³•äººç²¾ç¥å¥åº·åŸºé‡‘æœƒ-èšç²¾ç¹ªç¥ç¹ªç•«æ¯”è³½,https://bhuntr.com/tw/competitions/145rt9ds8rjhny8zw9
æ¡ƒåœ’å¸‚113å¹´åº¦ç’°å¢ƒæ•™è‚²ç¹ªæœ¬å‰µä½œå¾µä»¶,https://bhuntr.com/tw/competitions/6gu4tftakfd0qjz1om
2024ç¬¬21å±†æµ¯å³¶æ–‡å­¸ç,https://bhuntr.com/tw/competitions/wuxruwcz360twmqick
ç¬¬å…«åä¸ƒå±†è‡ºé™½ç¾è¡“å±•è¦½æœƒå¾µä»¶,https://bhuntr.com/tw/competitions/yhoo58mrx0bf5ppune
å°ä¸­å¸‚ç¬¬29å±†å¤§å¢©ç¾å±•,https://bhuntr.com/tw/competitions/dexa1bxjua015ocx51
åœ‹çˆ¶ç´€å¿µé¤¨ï¼šè·¨æ™‚ç©ºå°è©±å‰µæ„å¾µä»¶,https://bhuntr.com/tw/competitions/iant3o5tp4px0pqa2z
ç¬¬äºŒå±† é›»é€šæ°¸çºŒä¹‹æ£® æ–°ä¸–ä»£æ•¸ä½å…¬æ°‘è¨ˆç•«å·¥ä½œåŠ,https://bhuntr.com/tw/competitions/rmrfj7ku9shhdpqq88
ç¬¬ 15 å±†æ„Ÿå‹•ä¹…ä¹…å…¨åœ‹æ ¡åœ’çŸ­ç‰‡å¾µé¸,https://bhuntr.com/tw/competitions/6wl35kce1fuxriz998
ç›¸ã€‚ä¿¡ç¾©ä¹‹å½± å—æŠ•ç¸£ä¿¡ç¾©é„‰ç©ºæ‹åŠæ”å½±æ¯”è³½,https://bhuntr.com/tw/competitions/tx8g2fijgzxift09rt
å…¨å®‡å®™ä¸­å­˜åœ¨çš„æ²»ç™’ç‰‡åˆ»,https://bhuntr.com/tw/competitions/jp67g5fq1c9fbg48c4
ã€Œ2024ä½éƒ½ç›ƒæŒ‘æˆ°è³½ã€-ã€Œå…¨é½¡é€šç”¨é©å±…ä½å®…ã€å…±å¥½ç”Ÿæ´»åŸå¸‚ææ¡ˆ,https://bhuntr.com/tw/competitions/ym1h2y0kv3k70cyw3x
BREW BRILLIANCE æµ·å°¼æ ¹å°ç£ é‡€é€ å“è¶Š å•†æ¥­ç«¶è³½ 2024,https://bhuntr.com/tw/competitions/28ozn8hpxtyni25mpj
2024å¹´å°‘å¹´é ­å®¶å…¨åœ‹å‰µæ¥­å¯¦å‹™ç«¶è³½,https://bhuntr.com/tw/competitions/u0j6jbcelr1md7azam
ç¬¬å››å±†é¡æ–‡å­¸ç™¾è¬å½±è¦–å°èªªå¤§ç,https://bhuntr.com/tw/competitions/biveuv2y2cphsmz3po
113å¹´åº¦U-startå‰µæ–°å‰µæ¥­è¨ˆç•«æš¨U-startåŸæ¼¾è¨ˆç•«,https://bhuntr.com/tw/competitions/safkq2cw4b7ok8e64d
å¾·åœ‹kyla 2024æ’ç•«è—è¡“ç,https://bhuntr.com/tw/competitions/d7el9yz5yis5o8aenb
ç¬¬21å±†-åˆ©ç™¾ä»£ä¹‹æ˜Ÿç¹ªç•«æ¯”è³½-åœ°çƒæè¡›è¨ˆç•«,https://bhuntr.com/tw/competitions/7vmvkjptz5a6arxt0p
2023 é›…è’‚æ–¯ç›ƒç¬¬22å±†ç¾è¡“ç¹ªç•«æ¯”è³½,https://bhuntr.com/tw/competitions/d2ycz9e0nc2o0m87me
2024å°åŒ—101æ”å½±å¤§è³½,https://bhuntr.com/tw/competitions/n1o35umtpeoyutao6w
ç¬¬åä¸‰å±†å…¨åœ‹å¤§å°ˆé™¢æ ¡AIæ™ºå‹•åŒ–è¨­å‚™å‰µä½œç,https://bhuntr.com/tw/competitions/81tu9nk1ber7lp6ejz
2024ç¬¬ä¸€å±†å…¨åœ‹å·§è—é­¯ç­æœ¨å·¥å‰µæ„è¨­è¨ˆç«¶è³½,https://bhuntr.com/tw/competitions/kj0qhdxqqx4i5bps4a
å…’ç«¥æ–‡å­¸å‰µä½œå°ˆè¼¯ã€Šå°é»‘çµç¬¬14è¼¯ã€‹å¾µæ–‡æš¨å°é¢å¾µåœ–æ¯”è³½,https://bhuntr.com/tw/competitions/iz07iungdi8c23w3zy
2024è¯å—éŠ€è¡Œã€Œè‡ºç£ä¹‹ç¾-èŠ±æ¼¾é¢¨è¯ã€å…¨åœ‹æ”å½±å¤§è³½,https://bhuntr.com/tw/competitions/0kgvhatz2sxhbpb2vb
113å¹´æ˜Ÿå…‰é›»ç«¶å¤§è³ã€åŸºéš†ç›ƒï¼šç‚ºæ„›è€Œæˆ°ã€,https://bhuntr.com/tw/competitions/lshcsjhyxkvc2j0r97
ã€Œæ°´æ·¨é­šæ¸¸ æ„›æ°´ACTION!ã€æ°´è³ªä¿è­·å‰µæ„ç«¶è³½å¾µç¨¿æ´»å‹•,https://bhuntr.com/tw/competitions/u6ucjvr4xmvplxlalk
2024 COOLé…·é…·æ¯”-å…¨åœ‹å¤§å°ˆæ ¡é™¢æš¨é«˜ä¸­è· å‰µæ–°å‰µæ¥­åŠå‰µæ„è¡ŒéŠ·ç«¶è³½,https://bhuntr.com/tw/competitions/g6aoe97l8ikrvwfcs6
æ—…éŠæ¨è–¦æœ‰çå¾µæ–‡æ´»å‹•ï½œåˆ†äº«æ—…ç¨‹ä¸­çš„ç¾å¥½æ™‚åˆ»,https://bhuntr.com/tw/competitions/wdp5z3b84nipizegfl
ç¬¬41å±†ä¸­èˆˆæ¹–æ–‡å­¸çå…¨åœ‹å¾µæ–‡æ¯”è³½,https://bhuntr.com/tw/competitions/kxf62rfr1q6604pfyl
2024å…¨åœ‹é«˜ä¸­è·æ‰‹å·¥å…·å‰µæ–°å‰µæ„ç«¶è³½,https://bhuntr.com/tw/competitions/x1e0c0jcxkfored2ib
2024 ç¬¬äº”å±†å…¨åœ‹ç¶ è‰²æ—…éŠå¾®é›»å½±å¤§è³½ã€ç¶ è‰²æ—…éŠ~ç™¼ç¾å°ç£é„‰æ‘æ°¸çºŒä¹‹ç¾ã€‘,https://bhuntr.com/tw/competitions/d6ltdp5uvtfx12xwu5
è‡ºåŒ—å¸‚å…§æ¹–è­¦åˆ†å±€113å¹´ã€Œå©¦å¹¼ä¿è­·ã€èªè­˜è©é¨™åŠäº¤é€šå®‰å…¨ã€ç¹ªç•«å‰µä½œæ¯”è³½,https://bhuntr.com/tw/competitions/p5ontbags1pwg253kh
2024 æ˜æ–°ç›ƒçŸ­å½±éŸ³è¡ŒéŠ·å¤§è³½,https://bhuntr.com/tw/competitions/8gg4602wmib82wrz9s
2024 ç¬¬å…­å±†ä¸‰å¥½å¾®é›»å½±åœ‹éš›å‰µä½œç«¶è³½,https://bhuntr.com/tw/competitions/rulw2y0380sx0erjw1
2024å°åŒ—é¦–éƒ½ç›ƒåœ‹éš›éŸ³æ¨‚å¤§è³½,https://bhuntr.com/tw/competitions/pkkhmjiyty9j0aug7d
ã€ç¬¬å››å±†è¬åœ˜å°èªªçã€‘å¯¦æ¡ˆæ”¹ç·¨é•·ç¯‡é¡å¾µæ–‡,https://bhuntr.com/tw/competitions/1kzfo64ujdwjfqdhbk
2024è¯æ¢µå¤§å­¸ å…¨åœ‹é«˜ä¸­è·ã€ˆé¢¨èµ·é›²éŠå…¨åœ‹é«˜ä¸­è·æ’ç•«A4ç§€ã€‰å¾µä»¶,https://bhuntr.com/tw/competitions/jlshd5qkf3opmhqne3
2024è‡ºå¤§é†«é™¢å…’ç«¥é†«é™¢10é€±å¹´æ…¶ ã€Œæ„Ÿæ©åè¼‰ï¼Œé†«ç«¥å®ˆè­·ã€ï½ç¹ªç•«ã€æ”å½±ã€æ•¸ä½åœ–åƒå‰µä½œæ¯”è³½,https://bhuntr.com/tw/competitions/sjo8tuib9doswlknth
ç¬¬å››å±†è‡ºç£åœ°è³ªå…¬åœ’å­¸æœƒè®€æ™¯æ¯”è³½,https://bhuntr.com/tw/competitions/df9gduc5mrbnf96su4
ç…ç…ä¸»é¡Œå¾µæ–‡ï½œã€ŒLOG IN å°å—ã€çŸ­æ–‡å‹Ÿé›†ï¼,https://bhuntr.com/tw/competitions/zivbgwmr865jatgeam
2024 å°åŒ—ç‡ˆç¯€è¶£å‘³å‰µæ„æ”å½±æ¯”è³½,https://bhuntr.com/tw/competitions/1whukcvmnezgyeheh6
2024 MakeNTU å‰µå®¢æ¾ç«¶è³½,https://bhuntr.com/tw/competitions/e11ig81cwb5lacox62
2024å¹´æŠ€è·ç›ƒé»‘å®¢æ¾ç«¶è³½,https://bhuntr.com/tw/competitions/xqv7fi99fwdg5b6s8a
PGO TIG ç‹è€…çš„å½©è¡£ç”±ä½ å®š,https://bhuntr.com/tw/competitions/35rzae9ozlzhop1yw3
2024 EE å‰µæ„æŒ‘æˆ°è³½:AIoT,https://bhuntr.com/tw/competitions/7lzw0za116aokeutrt
2024ç¬¬åå±†é—œæ„›è¦ªé•·æˆ‘æœ‰è©±/ç•«è¦èªªåœ–æ–‡å¾µé¸,https://bhuntr.com/tw/competitions/da2ns232sd66ybmu9t
å‚³å¥‡è— 2024å…¨åœ‹é«˜ä¸­è·çŸ­å½±éŸ³å‰µæ„ç«¶è³½,https://bhuntr.com/tw/competitions/x890sykmg8wrqw2ltn
2023åœ¨åœ°å½±åƒåŸ¹åŠ›èˆ‡å¾µä»¶è¨ˆç•«,https://bhuntr.com/tw/competitions/sj6k3w5jtiavp74c1p
ç¬¬å››åäºŒå±†å…¨çƒè¯æ–‡å­¸ç”Ÿæ–‡å­¸ç,https://bhuntr.com/tw/competitions/1om68tog5z06reh7lv
ç¬¬äº”å±†ç¦ªçš„æ™ºæ…§å¿ƒå¾—å¯«ä½œå¾µæ–‡æ¯”è³½,https://bhuntr.com/tw/competitions/juv1egv7cjjpfrtusr
2024å—ç€›ç,https://bhuntr.com/tw/competitions/sliij2rst7v9wp2mxy
2024åƒ‘å…‰ç§‘å¤§è¡Œæµç›ƒå‰µæ„è¡ŒéŠ·ç«¶è³½,https://bhuntr.com/tw/competitions/zpjel1jebo160a6t6d
2024å°ç£ç¶“è²¿ç¶²è·¨å¢ƒé›»å•†å¯¦æˆ°ç‡Ÿ,https://bhuntr.com/tw/competitions/j08wjhncvmsl1lyixw
2024é¾è¯ç§‘å¤§é‡‘èæŠ•è³‡ç«¶è³½,https://bhuntr.com/tw/competitions/39mn70q2brd28tryjs
2024 ç¬¬å››å±†æ·é‹ç›ƒé»‘å®¢æ¾-ã€Œæ™ºæ…§ç”Ÿæ´»*å‰µæ–°æ‡‰ç”¨ App ç«¶è³½ã€,https://bhuntr.com/tw/competitions/594s2c9s0s0l09m48y
æ²ƒæ—­èƒ½æºæ°¸çºŒå‰µæ–°åŠ é€Ÿå™¨,https://bhuntr.com/tw/competitions/n268cjcy9h77gnvai5
2024 é¾å¹´ç¥è¾²è¡—å…ƒå®µèŠ±ç‡ˆå±•ã€è‰²å½©ç¥è¾²-æ‹å‡ºç¥è¾²ä¹‹ç¾ã€‘æ”å½±æ¯”è³½,https://bhuntr.com/tw/competitions/b6hfpdkv6cn6m4kdhw
é«˜é›„å¸‚112å­¸å¹´åº¦å„ç´šå­¸æ ¡ã€Œæ¯èªæ‹æ‹èµ°ã€å¾®é›»å½±å‰µä½œç«¶è³½,https://bhuntr.com/tw/competitions/6e7oxxpccnmaouat40
2023æ–°åŒ—æ–‡åŒ–çé´é¸å¾µä»¶,https://bhuntr.com/tw/competitions/nk42kje3cju6oxsf6c
ç¾å…‰åŠå°é«”å‰µæ–°æ‡‰ç”¨ç«¶è³½,https://bhuntr.com/tw/competitions/szd3u1hkuiweyf44ru
åˆ©ç™¾ä»£âŸªèˆæˆ‘ç›ƒå…¨åœ‹å¤§å°ˆé™¢æ ¡æ­Œå”±å¤§è³½âŸ«,https://bhuntr.com/tw/competitions/dsxqgs7wpqq6renmzi
113ï¦ç¾æ´¥æ¿ƒç›ƒå…¨åœ‹åˆ†é½¡æ¸¸æ³³éŒ¦æ¨™è³½,https://bhuntr.com/tw/competitions/os9xjdp3uniphmxakd
è²¡åœ˜æ³•äººæº«ä¸–ä»æ–‡æ•™åŸºé‡‘æœƒã€Œ113å¹´ä¸­å°å­¸ä½œæ–‡æ¯”è³½ã€,https://bhuntr.com/tw/competitions/743vzc4xzjbn02mmcr
2024ç¬¬28å±†æ¡ƒåŸç¾å±•å¾µä»¶,https://bhuntr.com/tw/competitions/7n894aqypw8xlwnkfh
2024å…­ç¦æ°¸çºŒç,https://bhuntr.com/tw/competitions/6xjy51rz2myg7ih87e
112å­¸å¹´åº¦ã€Œæ­£å‘å¿ƒç†æ•™è‚²ã€è­°é¡Œä¸­å¿ƒå­¸æ ¡å¥åº·ä¿ƒé€²æ¨™èªç«¶è³½,https://bhuntr.com/tw/competitions/znvkcs0re9p1hkat5q
2023 å…­å¤§ç§‘æŠ€é ˜åŸŸé–±è®€æ¨å»£æš¨å¿ƒå¾—å¾µæ–‡æ´»å‹•,https://bhuntr.com/tw/competitions/cjo2deckqwv8cx57jx
ã€2023ç›¸ã€‚ä¿¡ç¾©ä¹‹å½±ã€‘å—æŠ•ç¸£ä¿¡ç¾©é„‰ç©ºæ‹åŠæ”å½±å¾µä»¶,https://bhuntr.com/tw/competitions/dfx0ykr2ezksh69dpa
2024ã€å½¢è±¡XåŸå‰µã€é˜¿è“®å€åœ¨åœ°åŸå‰µè¨­è¨ˆå¤§è³½,https://bhuntr.com/tw/competitions/uzq6mylot80gx55s3t
æ­¡æ…¶åœ˜åœ“~å®¶äººæ„Ÿæ©æŠ•ç¨¿,https://bhuntr.com/tw/competitions/67b460olkqh5nc3qj1
ã€æº«æŸ”ã€‚åŒ—æŠ•ã€‘ç¬¬å…­å±†èµ¤å³°æ”å½±ç,https://bhuntr.com/tw/competitions/i15g97lqscl1orwqqp
"2024 math kangaroo taiwan,è¢‹é¼ æ•¸å­¸æ¯”è³½",https://bhuntr.com/tw/competitions/mbk2k680oezb5x7czv
2024å¹´ç¬¬ä¹å±†å…¨åœ‹é«˜ä¸­ç”ŸæŸ³å·æ•£æ–‡ç,https://bhuntr.com/tw/competitions/t58qul6lrief19len4
ã€Œç¾è³ªå¦‚å»ç’°å¢ƒ-å¦‚ä½ æ‰“é€ ã€å…¬å…±å»æ‰€ç«¶åœ–æ´»å‹•,https://bhuntr.com/tw/competitions/83irna7b78e9rbr15u
2024å¹´ã€Œç§‘å­¸æ¢ç©¶ç«¶è³½-é€™æ¨£æ•™æˆ‘å°±æ‡‚ã€ç«¶è³½,https://bhuntr.com/tw/competitions/t5aim4qdwslnyc5uv6
2024å…¨åœ‹æ™ºæ…§å•†å‹™å‰µæ–°å‰µæ¥­ç«¶è³½,https://bhuntr.com/tw/competitions/xayg4d7ogminxujus4
2024ç¬¬14å±†æ°£å€™è®Šé·åœ‹ä¸­å°ç¹ªç•«å‰µä½œæ¯”è³½,https://bhuntr.com/tw/competitions/bmla5rubpaegtmr4s9
ç¬¬äºŒåä¸‰å±†æ°´ç…™ç´—æ¼£æ–‡å­¸ç å¤§å°ˆçµ„,https://bhuntr.com/tw/competitions/4vh61cm078ydamuouz
2024å¹´åº¦ç¬¬25å±†ç£ºæºªç¾å±•å¾µä»¶,https://bhuntr.com/tw/competitions/zdjn1e9kbb4w2lfhas
2024é’æ˜¥è¨­è¨ˆç¯€ å‰µæ„è¨­è¨ˆç«¶è³½,https://bhuntr.com/tw/competitions/pqj1psk6jjdalegt86
2024 ç¬¬äº”å±†ä¸‰æ˜ŸSolve for Tomorrow ã€Œæ–°æ€ç¶­ï¼Œå¿ƒæŠ€è¡“ï¼Œæ°¸çºŒæ˜Ÿæœªä¾†ã€å‰µæ„ææ¡ˆç«¶è³½,https://bhuntr.com/tw/competitions/2024-samsung-solve-for-tomorrow
2024ä¸‰å³½å€è¾²æœƒã€ç¾éº—ä¸‰å³½ã€‚è¾²ä½œä¹‹ç¾ã€‘æ”å½±æ¯”è³½,https://bhuntr.com/tw/competitions/h165lzhzlxw51eyxn4
ç«¹è—åšç‰©é¤¨2024ç«¹è—ç”¢å“é–‹ç™¼ç«¶è³½,https://bhuntr.com/tw/competitions/wxz1p8yfnpnr5j99at
113 å¹´åŒå¿ƒç…å­ç›ƒæ›¸æ³•æ¯”è³½,https://bhuntr.com/tw/competitions/a7m3drualrvzavvocz
ã€O. GE é€šè­˜æ¢éšªå®¶ã€‘é€šè­˜èª²ç¨‹ç­–å±•ç¶²ç«™ ç­–å±•å¾µç¨¿ä¸­,https://bhuntr.com/tw/competitions/j5mv9g5tbkide8e9si
2023-2024è£•éš†æ—¥ç”¢æ±½è»Šå‰µæ–°é¢¨é›²,https://bhuntr.com/tw/competitions/q2p38xrw9hc2c6yxas
ç¬¬ä¸ƒå±†ã€Œé‚„ä»¥ç™Œè‰²ã€åœ‹ä¸­æ ¡åœ’æµ·å ±æ¯”è³½,https://bhuntr.com/tw/competitions/9swzqvdioazqxx6rfu
2024æ˜¥å­£ å¾—é¼ç›ƒ å…¨åœ‹å°å­¸ç”Ÿ è‹±èªå–®å­—&æˆèªç‹€å…ƒç«¶è³½,https://bhuntr.com/tw/competitions/6z4niurt4k3u13trer
2024å¥½è®€å‘¨å ±æ‰‹ç¹ªå ±å¤§è³½ç‰¹åˆ¥è³½äº‹ SOGOODå¥½å°å­©ç¹ªç•«æ¯”è³½,https://bhuntr.com/tw/competitions/aw1blfsx703m9hcbbm
2024å¹´å…¨åœ‹æŠ€å°ˆæ ¡é™¢å­¸ç”Ÿå¯¦å‹™å°ˆé¡Œè£½ä½œç«¶è³½,https://bhuntr.com/tw/competitions/zv4w6d2xf4lq2th6zq
2024 æ±æµ·å¤§å­¸ SDGs å‰µè—å±•ç«¶è³½,https://bhuntr.com/tw/competitions/44qcwr5c2wii5ofly7
ç¬¬21å±†æ–°å‚³çã€Šç¨®å­—ã€‹,https://bhuntr.com/tw/competitions/p3eui2rvfax5dm7on5
ã€Œè‹±è‹±æœ‰ä»£èªŒã€è‹±æ–‡æ—¥å¸¸ Vlog æ¯”è³½,https://bhuntr.com/tw/competitions/us4ay29grzewno9169
112-2å­¸æœŸè¼”è‹±ç§‘æŠ€å¤§å­¸å…¨åœ‹è‡ªä¸»å­¸ç¿’(SDL)æˆæœç°¡å ±ç«¶è³½,https://bhuntr.com/tw/competitions/5ss1ronvqp9lqs7b4a
ã€Šç¬‘å‚²æ±Ÿæ¹–ã€‹ç¹ªç•«æ¯”è³½,https://bhuntr.com/tw/competitions/r7b6g0ldt80qhnbde2
2024 ç¬¬ä¸‰å±†Merck Young Scientist Award é»˜å…‹å¹´è¼•ç§‘å­¸äººç,https://bhuntr.com/tw/competitions/6h5ri66dnkpdo2olm0
ç¬¬ä¸ƒå±†å…¨åœ‹ç§‘å­¸æ•™å…·å‰µæ„è¨­è¨ˆç«¶è³½,https://bhuntr.com/tw/competitions/e8ru3thj7gbgt9wpt2
2024 ç¬¬åå…«å±†å¤§è‘‰è²¡é‡‘å…¨åœ‹é«˜ä¸­è·è‚¡ç‹çˆ­éœ¸è³½,https://bhuntr.com/tw/competitions/yred5k2lo17br7uv4w
113å¹´åº¦è‡ºä¸­å¸‚ç¬¬åå››å±†å…’ç«¥æ–‡å­¸å‰µä½œå¾µæ–‡,https://bhuntr.com/tw/competitions/7me6ux9cd4vq1nwcyj
ã€Šæ„›æ˜¯å¾æ—¥å­è£¡é€å‡ºä¾†çš„å…‰ã€‹æ›¸å¯«ä½ æˆ‘çš„å¹¸ç¦ç¯‡ç« ,https://bhuntr.com/tw/competitions/wgjjo656dhhzp3avls
2024æ¾³æ´²å‰µæ–°è¨­è¨ˆç™¼æ˜å±•é¸æ‹”è³½,https://bhuntr.com/tw/competitions/ennjebyvh1cijntm79
112å¹´åº¦æ•™è‚²éƒ¨äººæ–‡ç¤¾æœƒæ°¸çºŒè¡Œå‹•å‰µæ–°æ‡‰ç”¨ç«¶è³½,https://bhuntr.com/tw/competitions/sihs
å…¨å°æœ€å¤§çš„å¾®é›»å½±æ¯”è³½ã€æ ¡åœ’é‘«é¦¬çã€‘æ“´å¤§å¾µä»¶ä¸­ï¼,https://bhuntr.com/tw/competitions/un087im7ck61wocv9d
2024å¹´åœ‹é«˜ä¸­(è·)é›™èªæ•™å­¸çŸ­ç‰‡ç”„é¸æ¯”è³½,https://bhuntr.com/tw/competitions/y1olghvo40xegtalcu
ç¬¬16å±† è‰è‰æˆ²åŠ‡ç¯€ ç•¶é’æ˜¥ Tng tshing-tshun ã€Œè‰è‰å½±å±•ã€å¾µä»¶æ¯”è³½,https://bhuntr.com/tw/competitions/3mgntp4bwkt6zavgak
ã€ŒåŒ—åŠ å¥½è²éŸ³ã€å½±éŸ³æ­Œå”±æ¯”è³½,https://bhuntr.com/tw/competitions/kw170rgsusz0auiu4b
2024å¹´åº¦æ„Ÿæ©å‰µä½œæ´»å‹•,https://bhuntr.com/tw/competitions/fwuujttjgfq3fw82ha
ã€ŒFamily We-Timeã€å®¶åº­ç…§å¾µä»¶æµ·å ±,https://bhuntr.com/tw/competitions/31t1gb4egvm1fuyqsw
ã€Œ2024 æµ·æ´‹æ•™è‚²å‰µæ„å°ä¸»æ’­-æµ·æ´‹æ±™æŸ“ç›¸é—œå ±å°ã€ç«¶è³½,https://bhuntr.com/tw/competitions/8u6icaex6d1vs73pfp
å°ç£é¯¨è¡ŒéŠ·èˆ‡å‰µæ„è¨­è¨ˆæµ·é¸,https://bhuntr.com/tw/competitions/w3f6rj400upwbtpdmt
ã€Šæ˜Ÿé¡˜ã€‹å°ˆè¼¯ç¶²è·¯å‰µæ„coverå¤§è³½,https://bhuntr.com/tw/competitions/qurqzltj33a5yr15hx
2024è¯æ¢µå¤§å­¸ å…¨åœ‹é«˜ä¸­è·ã€ˆé‡è¦‹æœªä¾†é’å¹´æ”å½±å¤§è³½ã€‰å¾µä»¶,https://bhuntr.com/tw/competitions/2r7kyby6vwqdzz9auc
ç¬¬42å±†å…¨çƒè¯æ–‡å­¸ç”Ÿæ–‡å­¸,https://bhuntr.com/tw/competitions/n9s1qnobzdtzys2jry
113å¹´å®œè˜­ç¸£æ”¿åºœè²¡æ”¿ç¨…å‹™å±€ã€Œå„ªå“‰æ¸¸å“‰ï¼ŒèŠä»¥ç§Ÿç¨…ï¼é‡‘å¥Ë™é©šå¥ã€è¨­è¨ˆæ¯”è³½,https://bhuntr.com/tw/competitions/e5ffj88v8yc0xuxyqm
112å­¸å¹´åº¦è¸æª³å±å®³é˜²åˆ¶æ•™è‚²ã€Œç¶²ç´…å°±æ˜¯ä½ ã€çŸ­ç‰‡ç«¶è³½,https://bhuntr.com/tw/competitions/p250lmubw9111gp9h9
ç¬¬ä¹å±†CUTeç›ƒå…¨åœ‹é«˜ä¸­è·éŠç¨‹è¨­è¨ˆç«¶è³½,https://bhuntr.com/tw/competitions/5jgd0iuox4gboh7s6q
ç¬¬å…­å±† Draw My Watch éŒ¶é¢è¨­è¨ˆæ¯”è³½,https://bhuntr.com/tw/competitions/k2578c4spybzg2tf25
æ•ç¿”ç¬¬äºŒå±†-å‰µæ–°æ‡‰ç”¨è»Šç‡ˆè¨­è¨ˆç«¶è³½,https://bhuntr.com/tw/competitions/d7gy9llsmwau8pf1mt
113å¹´é˜®ç¶œåˆé†«é™¢æ”å½±æ¯”è³½,https://bhuntr.com/tw/competitions/zmim41rai59qq4fd8b
2024å¹´æ–°åŒ—å¸‚ã€å¹³æºªå¤©ç‡ˆç¯€ã€‘æ”å½±æ¯”è³½,https://bhuntr.com/tw/competitions/lpdk7y2vus1fmyxooa
2024 ç™¾éˆä½³æ®·æ ¼ç¿° å…¨åœ‹é’å¹´ç”Ÿå‘½æ•™è‚²å‰µæ„ç«¶è³½,https://bhuntr.com/tw/competitions/fhizokk6auwugn8zlw
å…¨çƒä¸­å­¸ç”Ÿå°ˆé¡Œæ¢ç©¶ç«¶è³½,https://bhuntr.com/tw/competitions/cvd4hfjwzd3rkakzdb
2024å°ç£æ°¸çºŒæ•™è‚²ç,https://bhuntr.com/tw/competitions/mof6agsutva0wtk7bx
é›·è«¾ç“¦æ‹¼åœ–æ–‡åŒ–åŠ - 2024 é¾å¹´æ‹¼å¹¸ç¦ åˆ†äº«å¿ƒå›æ†¶,https://bhuntr.com/tw/competitions/01r7oc7gv2f93aicwq
2024ã€Œå°ç£ä»¿ç”Ÿè¨­è¨ˆç«¶è³½(Biomimicry Design Challenge) ã€å¤§å°ˆæš¨ç¤¾æœƒäººå£«çµ„,https://bhuntr.com/tw/competitions/rs9rzaovnqb1ikxptk
2024å…¨åœ‹é«˜ä¸­è·æ–°éŠ³è¨­è¨ˆå¸«ç«¶è³½,https://bhuntr.com/tw/competitions/rjlivfji5w24cryc60
FarmcraftÂ® 2024 éº¥å¡Šç¨‹å¼åœ‹éš›è³½,https://bhuntr.com/tw/competitions/m3nvhom4ua2sil2ahy
2025å¹´ æ‰æ—æºªæœˆæ›†ç…§ç‰‡å¾µä»¶æ´»å‹•,https://bhuntr.com/tw/competitions/mig8846rangazyyn6j
ç¬¬12å±†ç‰¹åŠ›å®¶å±…ç›ƒè¨­è¨ˆå¤§è³½,https://bhuntr.com/tw/competitions/1skzqs7lex87phcixn
2024æ–°åŒ—å¸‚ç´€éŒ„ç‰‡ç,https://bhuntr.com/tw/competitions/p7rm1ki86lz96qflnv
2024å¹´ TINTAé‡‘é‚¸çå¾µä»¶,https://bhuntr.com/tw/competitions/qdtk0e2qlpgloy37ty
2024éŠ˜å‚³è§€å…‰åœ‹éš›ç ”è¨æœƒ -å…¨åœ‹é«˜ä¸­è·å­¸æ ¡æµ·å ±è«–æ–‡è©•é¸æ¯”è³½,https://bhuntr.com/tw/competitions/x94vk0zx2y1p238ihf
ç¬¬24å±†æ±è¯å¥‡èŠæ–‡å­¸ç,https://bhuntr.com/tw/competitions/wk4g65mliafeweoxvz
113å¹´åº¦ã€Œæ­£å‘å¿ƒç†å¥åº·å‰µæ„åœ–ç•«è¨­è¨ˆæ¯”è³½ã€,https://bhuntr.com/tw/competitions/a5ob6me9ttfpkcuhvh
ç¬¬äºŒå±†ã€ç¾åœ¨ï¼æœªä¾† å‰µæ„ç•«å¾µåœ– ï¼ã€Œé—œæ‡·ç’°å¢ƒï¼æ°¸çºŒç”Ÿæ´»ã€ç¹ªç•«å‰µä½œæ¯”è³½ã€,https://bhuntr.com/tw/competitions/07wunwlhyn0psgugz1
ç¬¬åä¸‰å±†ã€ŒåŸé„‰æ—…éŠãƒ»ç¶ è‰²é¥—å®´ã€æ—…éŠè¡Œç¨‹è¨­è¨ˆå…¨åœ‹ç«¶è³½,https://bhuntr.com/tw/competitions/gefl6hyr1oliwms9gl
2024 æ–°å…‰ä¸‰è¶Šå…’ç«¥å‰µæ„ç¹ªç•«æ¯”è³½,https://bhuntr.com/tw/competitions/i9khvr5tmanmemk9jd
ç¬¬4å›ã‚«ãƒªã‚¢ãƒ†ã‚£ãƒ¼ãƒ‰å±•:ç¬¬4å›å¡é‡Œäºæå¾·å±•,https://bhuntr.com/tw/competitions/vpx76pfgwq6ahc2s9v
Global Mathematics Elite Competition(GMEC)å…¨çƒæ•¸å­¸èè‹±è³½,https://bhuntr.com/tw/competitions/v11gm0id393b6z8ed5
é¾å¹´è¿æ–°æ˜¥-å‰µæ„ç¨‹å¼Show,https://bhuntr.com/tw/competitions/h7tzwrsexhvz7c8it5
æ–°åŒ—æ„Ÿæº«ç¥­çŸ­å½±éŸ³å‰µä½œå¤§è³,https://bhuntr.com/tw/competitions/0kt4oqbxpqt67an0rb
è‡ºä¸­å¸‚ç¬¬äºŒå±†æ›¸æ³•æ¯”è³½,https://bhuntr.com/tw/competitions/nm73u6wr9uoey3cnch
ç¬¬äºŒå±†å˜‰ç¾©å¸‚ã€Œæ¡ƒåŸæœ‰æ„›ï¼›æ„›åœ¨æ£®éµ~ç•«éƒ½ä¹‹ç¾ã€å¯«ç”Ÿæ¯”è³½,https://bhuntr.com/tw/competitions/xpm65zn1wjctd2ny7h
ç¬¬å››å±†ã€Œæˆ‘æ˜¯é¼“æ‰‹ã€å…¨åœ‹çˆµå£«é¼“å¤§è³½,https://bhuntr.com/tw/competitions/cab0lx72ycom1um0c3
å¯µç‰©æ„Ÿæ©æŠ•ç¨¿-æ„Ÿè¬ä½ çµ¦æˆ‘ç„¡æ¢ä»¶çš„æ„›,https://bhuntr.com/tw/competitions/llub3bdn1jyassnzgw
2024å…‰å®‡ç›ƒå…¨åœ‹é«˜ä¸­è·å°ˆé¡Œç«¶è³½,https://bhuntr.com/tw/competitions/1may1lwywbjsxjb48c
ç¬¬äºŒåä¸‰å±†æ°´ç…™ç´—æ¼£æ–‡å­¸ç é«˜ä¸­è·çµ„,https://bhuntr.com/tw/competitions/8xnn4okfcabg83158n
2024å¹´åº¦ç¬¬å››åä¸ƒå±†åœ‹éš›ç…å­æœƒ300A3å€å°åŒ—å¸‚å…‰è¯ç…å­æœƒé’å°‘å¹´å¯«ç”Ÿæ¯”è³½,https://bhuntr.com/tw/competitions/jihp3yjc134lo6hd8w
ã€Šçƒé£Ÿå¤¢æƒ³è¨ˆç•« å¤¢æƒ³é£Ÿé©—äº‹ Let's Changeã€‹ï¼ğŸŒŸã€å ±åè«‹è‡³æ´»å‹•å®˜ç¶²ä¸‹è¼‰ç°¡ç« ã€‘,https://bhuntr.com/tw/competitions/trvkxo5w7anu264pmi
2024 MOS/ACP å…¨åœ‹å¤§è³½,https://bhuntr.com/tw/competitions/25cblfmnvwywrhlk5m
2024 å¹´æ½®å·é®é®é•·ç›ƒæ›¸æ³•æ¯”è³½,https://bhuntr.com/tw/competitions/afp8b0obak1qz17dfn
ã€æ°¸çºŒâ€¢æ¨‚åœ’2024ã€-å¤§è‘‰å¤§å­¸å‰µæ„è¨­è¨ˆç«¶è³½,https://bhuntr.com/tw/competitions/e5v3b8nrg56wgdbi2v
2024è‘‰ç¸½ç¹ªç›ƒå…¨åœ‹é«˜ä¸­è·é›»è…¦ç¹ªåœ–ç«¶è³½ã€Œæœªä¾†ä¹‹æ˜Ÿã€,https://bhuntr.com/tw/competitions/ecs8xxoweyrx9u5cak
ã€ŒåŠè¾²åŠxæ——å±±ã€ç”Ÿæ´»å¯¦é©—ææ¡ˆ,https://bhuntr.com/tw/competitions/dwm8xvyrmpia8t15vc
2024ç´ é¤Šæ•™è‚²èª²ç¨‹è¨­è¨ˆåŠç™¼å±•è¨ˆç•«â”€èª²è¨­å­¸é™¢èª²ç¨‹æ–¹æ¡ˆå¾µé¸ä¼åŠƒ,https://bhuntr.com/tw/competitions/v9k84fcrjo0wfzwwe9
112å­¸å¹´åº¦å…¨åœ‹é«˜ç´šä¸­ç­‰å­¸æ ¡é–±è®€å¿ƒå¾—å¯«ä½œæ¯”è³½,https://bhuntr.com/tw/competitions/o1opfpxwa5s1gbn398
ç¬¬25å±†é‡‘é™µæ–‡è—çå¾µæ–‡æ¯”è³½,https://bhuntr.com/tw/competitions/4kdkp16lyerygu2ynf
112å¹´åº¦é‡‘èçŸ¥è­˜ç·šä¸Šç«¶è³½,https://bhuntr.com/tw/competitions/uly5uriw2hojl9ivac
ç¬¬åä¸‰å±†ã€å…ƒå¤ªé“å ‚ç›ƒã€‘å…¨åœ‹æ›¸æ³•æ¯”è³½,https://bhuntr.com/tw/competitions/pvp2ljlpaq814kjcn9
ä½›å…‰å±±æƒ ä¸­å¯º 2024 å¹´ä¸‰å¥½å…’ç«¥èªªæ•…äº‹æ¯”è³½,https://bhuntr.com/tw/competitions/8u9eoxovwpme15zrlz
ç¬¬21å±†é‡‘è²ç,https://bhuntr.com/tw/competitions/wectammfnrnmlqj97h
113 å¹´é’å¹´å›é„‰è¡Œå‹•çå‹µè¨ˆç•«,https://bhuntr.com/tw/competitions/1l0prgmg7nl63g5dg1
ç¬¬18å±†å¶æˆ²é‡‘æŒçç«¶è³½,https://bhuntr.com/tw/competitions/tigy2ddls149fbhpj6
113 å¹´é’å¹´å£¯éŠè‡ºç£ï¼å°‹æ‰¾æ„Ÿå‹•åœ°åœ–å¯¦è¸è¨ˆç•«,https://bhuntr.com/tw/competitions/is1jmu18ansam9tdr8
2024é•·åºšç§‘æŠ€å¤§å­¸ã€Œå…¨åœ‹æ•™ä¿æŠ€è—ç«¶è³½ã€,https://bhuntr.com/tw/competitions/hjnno6rojidwcfznr7
2024é‡‘è»Šæ–‡è—ä¸­å¿ƒ è—è¡“å®¶é§é¤¨è¨ˆç•«,https://bhuntr.com/tw/competitions/hvd0ute3t70zdxpr8p
2024 See Think Wonder æ€è€ƒæŒ‘æˆ°è³½,https://bhuntr.com/tw/competitions/60ylemrfa5gy1gsrsu
2024æ£®çå…¨åœ‹å¤§å°ˆé™¢æ ¡ç©ºé–“è¨­è¨ˆæš¨å‚¢ä¿±è¨­è¨ˆç«¶è³½,https://bhuntr.com/tw/competitions/f77u8xvwp7hw2pp359
å³¶ç”°è˜å¸é¸ ç¬¬17å› ã°ã‚‰ã®ã¾ã¡ç¦å±±ãƒŸã‚¹ãƒ†ãƒªãƒ¼æ–‡å­¦æ–°äººè³:å³¶ç”°è˜å¸é¸ ç¬¬17è™Ÿ ç«ç‘°ä¹‹é„‰ ç¦å±±æ‡¸ç–‘æ–‡å­¸,https://bhuntr.com/tw/competitions/0ycg3fvuy8pss0u3pa
2024å¹´ã€Œåœ‹ç ”ç›ƒæ™ºæ…§æ©Ÿæ¢°ç«¶è³½ã€,https://bhuntr.com/tw/competitions/eg89pqalwzn580ie9r
2024å…¨åœ‹ä¸€é è§€å…‰ä¼‘é–’è³‡æºè¡ŒéŠ·å¤§è³½,https://bhuntr.com/tw/competitions/ptbuw9jy0hgm5j703v
ç¬¬28å±†ç¾¤ç”Ÿæ¯å…¨åœ‹é’å°‘å¹´æš¨å…’ç«¥å¯«ç”Ÿæ¯”è³½,https://bhuntr.com/tw/competitions/8gujgb0e3sqlb4mu7k
113å¹´åº¦ã€Œè½‰å‹æ­£ç¾©èˆ‡é»¨ç”¢ç ”ç©¶è«–æ–‡çã€,https://bhuntr.com/tw/competitions/fzrrtf4uvwbm1rjatf
ã€Œè«‡âˆ™åœ–âˆ™ç¾âˆ™æ”â€”å¯Œé‡Œèª°èˆ‡çˆ­é‹’ã€å¯Œé‡Œé„‰ç¬¬ä¸€å±†å…¨åœ‹æ”å½±å¤§è³½,https://bhuntr.com/tw/competitions/1mdhodg81pdt84cwu1
2025 æ¡ƒæºåœ‹éš›è—è¡“ç,https://bhuntr.com/tw/competitions/ape53wqhakpncjpr4c
2024å°ç£ä»¿ç”Ÿè¨­è¨ˆç«¶è³½_é«˜ä¸­è·çµ„,https://bhuntr.com/tw/competitions/or8wews1vhotubbbij
ã€Œå…¨åœ‹æ–°ä½æ°‘é›»å•†ä¹‹æ˜Ÿã€ç«¶è³½,https://bhuntr.com/tw/competitions/8any99t4qdhbk591oc
2024 WRO åœ‹éš›å¥§æ—åŒ¹äºæ™ºèƒ½æ©Ÿå™¨äººã€Œç·šä¸Šã€è¯ç›Ÿè³½,https://bhuntr.com/tw/competitions/enhxbrn0zri44lf57u
ã€Œç¬¬åå››å±†åœ‹éš›è¯æ–‡æš¨æ•™è‚²ç›ƒé›»å­æ›¸å‰µä½œå¤§è³½ã€,https://bhuntr.com/tw/competitions/uhmxbd62u45rafgiv4
2024å°ˆæ¥­è‹±æ–‡è½åŠ›èˆ‡è©å½™èƒ½åŠ›å¤§è³½-ç¬¬åå±†æ–°åŒ—å¸‚è‹±æ–‡èè‹±ç›ƒ(PVQC),https://bhuntr.com/tw/competitions/90i74ta4g9hwtxl3nt
2024ä¿ç”Ÿæ–‡åŒ–ç¥­-æ”å½±æ¯”è³½,https://bhuntr.com/tw/competitions/4onxrwmi3yyz6p77qs
2024çŸ³é–€æ°´åº«ä¸€ç”²å­å…¨åœ‹æ”å½±å¤§è³½,https://bhuntr.com/tw/competitions/pidbxxm2nzda6irb9r
2024é™½æ˜äº¤é€šå¤§å­¸ç§‘æ™®æ´»å‹•æ¨å»£ï¼ç”ŸæŠ€é†«ç™‚æš¨SDGsæ°¸çºŒç™¼å±•å°è«–æ–‡ç«¶è³½,https://bhuntr.com/tw/competitions/4hq9hm2cfiig6cjf8q
å¤§å­¸æ•™å¸«å„ªè‰¯å‰µæ–°èª²ç¨‹åŠæ•™å­¸ç«¶è³½,https://bhuntr.com/tw/competitions/df60g3xzk5srgzwthx
2024æ„›RUNæ——æ´¥æ˜Ÿå…‰å…¬ç›Šè·¯è·‘,https://bhuntr.com/tw/competitions/t41pkr4ufm8qp0fy5m
2024å±æ±ç¸£è€æ¨¹ä¿è­·æ¨¹ç‹å…¬ç³»åˆ—å¯«ç”Ÿï¼æ­¸ä¾†æ…ˆå¤©å®®åƒå¹´è¬é¾æ¨¹å¯«ç”Ÿæ´»å‹•,https://bhuntr.com/tw/competitions/gqqsrnejvheut8hkrr
2024ã€Œäº»å“å”±å®¢å®¶å¤¢ å…±ä¸‹å°å¤©ç©¿ã€å®¢èªæ­Œå”±æ¯”è³½,https://bhuntr.com/tw/competitions/vanrvj4hygggp3cgn8
2024ã€Œæ¦®è€€é»ƒåŸ”ç™¾å¹´æƒ…ã€è·¯è·‘å˜‰å¹´è¯,https://bhuntr.com/tw/competitions/rfey477sntzsmsh4pl
å¯¶å‰ç¥¥æ–‡å²æ•™è‚²å”æœƒ ç¬¬äºŒå±†ä¸­å°å­¸ç”Ÿæˆèªæ•…äº‹å¾µæ–‡æ¯”è³½è¾¦æ³•,https://bhuntr.com/tw/competitions/swvinrt56at9v9bgrn
æ¾æ¹–ç¸£113å¹´æ–°ç§€çç¾è¡“å‰µä½œæ¯”è³½,https://bhuntr.com/tw/competitions/s1k30z22em94kpaqtt
2024æ´²éš›ç›ƒæ˜¥å­£éŸ³æ¨‚ç¯€å¤§è³½,https://bhuntr.com/tw/competitions/3cbaani2g3jnk05cwx
å½°åŒ–ç¸£ç¬¬åå…«å±†ç¸£é•·ç›ƒå­¸ç”Ÿæ›¸æ³•æ¯”è³½,https://bhuntr.com/tw/competitions/w4ddwgv9lsu4imcum7
2024å½°åŒ–è©©æ­Œç¯€~ç¬¬äº”å±†å°æ–‡é’æ–°è©©å¾µç¨¿,https://bhuntr.com/tw/competitions/nlal4nl13121imc5cy
2024ç¬¬åä¸€å±†é¦¬å•ç›ƒé‹¼ç´æ¯”è³½,https://bhuntr.com/tw/competitions/gfrlwatjvod2oi4mi4
ã€Œé½Šæ¨‚å‹•èã€é©æ‡‰é«”è‚²å¾µæ–‡ç«¶è³½,https://bhuntr.com/tw/competitions/7ystm6u8l382kvy7uk
2024å…ƒæ™ºå¤§å­¸æ‡‰ç”¨å¤–èªå­¸ç³» æ¡ƒç«¹è‹—åœ°å€é«˜ä¸­è· æ—¥èªæ­Œå”±å¤§è³½,https://bhuntr.com/tw/competitions/g7aopdpc89hkqxdy5s
2024å¤§å¢©ç›ƒå­¸ç”Ÿæ›¸æ³•æ¯”è³½,https://bhuntr.com/tw/competitions/bzh7hkyz0qk4b5se04
112å­¸å¹´åº¦å¥åº·ä¿ƒé€²å­¸æ ¡è¨ˆç•«ï¼ã€Œæ€§æ•™è‚²(å«æ„›æ»‹ç—…é˜²æ²»)ã€è­°é¡Œä¸­å¿ƒå­¸æ ¡ç¹ªæœ¬è¦ªå­å‰µä½œè¨­è¨ˆç«¶è³½,https://bhuntr.com/tw/competitions/f2vgf3xt6mk0yn6ttu
112å­¸å¹´åº¦å…¨åœ‹é«˜ç´šä¸­ç­‰å­¸æ ¡å°è«–æ–‡å¯«ä½œæ¯”è³½,https://bhuntr.com/tw/competitions/i5tfywapg8bj75ncjy
æ–°åŒ—ç¤¾é€ çè£œåŠ©å¾µä»¶,https://bhuntr.com/tw/competitions/ym2pscwlvi4v5ex4j3
ã€å°ç£æœ€å¤§æ°¸çºŒå½±å±•ã€‘2024ç¬¬å…«å±†å°åŒ—é‡‘éµ°å¾®é›»å½±å±•,https://bhuntr.com/tw/competitions/gkzoapj26vlijom1k3
2024 OMCå…¨åœ‹æ•¸å­¸ç«¶è³½,https://bhuntr.com/tw/competitions/v8j5n99fjwmw2n4vgd
ã€Œç£ºæºªæ–‡å­¸ç¬¬32è¼¯-å½°åŒ–ç¸£ä½œå®¶ä½œå“é›†ã€å¾µé›†,https://bhuntr.com/tw/competitions/juf0h6xmbdwef40qj2
ã€Œå•Ÿå¾Œç›ƒã€å—å€U16å°æ£‹ç‹è±¡æ£‹éŒ¦æ¨™è³½,https://bhuntr.com/tw/competitions/90zxzpf7q194ymwnyd
112å­¸å¹´åº¦å¥åº·ä¿ƒé€²å­¸æ ¡è¨ˆç•«â”€ã€Œå£è…”è¡›ç”Ÿã€è­°é¡Œä¸­å¿ƒå­¸æ ¡å‰µæ„æµ·å ±è£½ä½œæ¯”è³½,https://bhuntr.com/tw/competitions/0vk2dgv5hser10vgs8
2024 å°åŒ—ç§‘æŠ€ç›ƒæ„›åœ°çƒå…¬ç›Šè·¯è·‘,https://bhuntr.com/tw/competitions/bx93hufgtvj5ipemq9
2024å…¨åœ‹é«˜ä¸­è·ç§‘å­¸éŠæˆ²èˆ‡ç©å…·å‰µæ„è¨­è¨ˆç«¶è³½,https://bhuntr.com/tw/competitions/wg5ajtbi8ba9gu81is
2024ä¸­åŸå¤§å­¸ç§Ÿç¨…å¥æª¢èˆ‡ESGç®¡ç†é¡§å•ç«¶è³½,https://bhuntr.com/tw/competitions/59b2gk7p9smxbk82us
113å¹´Youngé£›å…¨çƒè¡Œå‹•è¨ˆç•«å¾µä»¶,https://bhuntr.com/tw/competitions/e6csephnszvfzs08e0
112å­¸å¹´åº¦å¥åº·ä¿ƒé€²å­¸æ ¡è¨ˆç•«ï¼ã€Œè¦–åŠ›ä¿å¥ã€è­°é¡Œä¸­å¿ƒå­¸æ ¡æµ·å ±è¨­è¨ˆæ¯”è³½,https://bhuntr.com/tw/competitions/dzengb4p12z999flpb
2024 å¯’å‡å¨ç››ä¸­è‹±é–±è®€ç«¶è³½,https://bhuntr.com/tw/competitions/tnt815dt2fyxnkymz6
2024åœ‹éš›æ™‚å°šç¾å­¸å‰µæ„ç«¶è³½,https://bhuntr.com/tw/competitions/wldvcrkefy499e42rx
2024ç¬¬å…«å±†è™è±¹é›™æ£²è¶Šé‡æŒ‘æˆ°è³½,https://bhuntr.com/tw/competitions/l8pwgzt3wuc38kqm4f
ç¬¬ 20 å±†æ°¸ä¿¡æå¤©å¾·é†«è—¥ç§‘æŠ€ç,https://bhuntr.com/tw/competitions/ssxl9uq2yrs29h8ayb
2024ç¬¬åä¸ƒå±†å…¨åœ‹é«˜ä¸­è·ç¶“ç‡Ÿä¼åŠƒæ¡ˆæš¨å°ˆé¡Œè£½ä½œç«¶è³½,https://bhuntr.com/tw/competitions/bghjwzz2n9qmy9tks9
ANNUAL INTERNATIONAL DESIGN COMPETITION:THE ARCHITECT'S CHAIR#2 å¹´åº¦åœ‹éš›è¨­è¨ˆæ¯”è³½ï¼šå»ºç¯‰å¸«çš„æ¤…å­#2,https://bhuntr.com/tw/competitions/7b6tdh3da9mw9zazt3
2024ã€Œå°‹æ ¹æº¯æºï½å‰µæ„æ—è­œè¨­è¨ˆæ¯”è³½ã€,https://bhuntr.com/tw/competitions/h28fbq3vx445rf5o15
2024ãã‚‚ã®ã®è¡—ã®ã‚­ãƒ«ãƒˆã‚³ãƒ³ãƒ†ã‚¹ãƒˆ: 2024 å’ŒæœåŸè¢«å­å¤§è³½,https://bhuntr.com/tw/competitions/u0eizhq7bbeb0zo4gz
ã€Œ2024 é è¦‹æœªä¾†ï¼é¦–é¸å—è‡ºã€æ”å½±ç«¶è³½,https://bhuntr.com/tw/competitions/l5kuiisrzly1bs5esf
ã€Œæ„›æœ‰ç‚ºã€ç¬¬ä¸ƒå±†è¬æµ·æ…ˆå–„èº«éšœè€…æ‰è—å¾µé¸å¾µä»¶,https://bhuntr.com/tw/competitions/do5585zh6v9enbxfmy
113å¹´è‡ºåŒ—å¸‚é’å¹´ç›ƒç¶²çƒéŒ¦æ¨™è³½,https://bhuntr.com/tw/competitions/rdmqj4t89wnwvegs8w
å¾¡è†³åŠç”Ÿæ´»ç²¾å“ï½œTIKTOKçŸ­å½±éŸ³å‰µä½œå‹Ÿé›†ç«¶è³½,https://bhuntr.com/tw/competitions/hg5uumbuvbbkwuyms2
2024å¹´å®ˆè­·é£Ÿå®‰èˆ‡é£Ÿå“æª¢é©—ç«¶è³½,https://bhuntr.com/tw/competitions/0zv0wvqflvy0762kg0
2024å…¨åœ‹æœƒè¨ˆå¯¦å‹™å°ˆé¡Œç«¶è³½,https://bhuntr.com/tw/competitions/2blpd9ariau59tebj7
2024æ¢¨å±±é¦¬æ‹‰æ¾-è·‘ä¸Šé›²ç«¯,https://bhuntr.com/tw/competitions/r7zarr7o7lysxh8sxf
113å¹´é›²æ—ç¸£ä½œå®¶ä½œå“é›†å¾µæ–‡æ´»å‹•,https://bhuntr.com/tw/competitions/k9b1cuphnqwqi4g2ta
2024 æ¡ƒåœ’ ESG æ°¸çºŒèè‹±åœ˜éšŠæ‹›å‹Ÿè¨ˆç•«,https://bhuntr.com/tw/competitions/moati9flez5wiv72do
2024ç¬¬åä¸€å±†é¦¬å•ç›ƒæ ¡åœ’å¯«ç”Ÿæ¯”è³½,https://bhuntr.com/tw/competitions/uh80fwceamqu3iw07o
2023-2024å¹´åº¦å°åŒ—å¸‚å—æµ·æ‰¶è¼ªç¤¾ å—æµ·æ‰¶è¼ªè²æ¨‚çæ¯”è³½,https://bhuntr.com/tw/competitions/xhmm5rdjebpdcyyytk
113å¹´è‡ºåŒ—å¸‚å‹•ç”¢è³ªå€Ÿè™•â”€è³ªå€Ÿå®¢æˆ¶å¾µæ–‡æ´»å‹•,https://bhuntr.com/tw/competitions/91tawv12rjh709dgff
2024å¹´å¤ªå¹³å±±é›²ç«¯æ¼«æ­¥è·¯è·‘,https://bhuntr.com/tw/competitions/vau4jkmqujsbtzyeyl
112å­¸å¹´åº¦(113å¹´)èŠ±è“®å¤ªå¹³æ´‹ç›ƒå…¨åœ‹æ‹”æ²³éŒ¦æ¨™è³½,https://bhuntr.com/tw/competitions/6bloi8yyum3w1go57s
2024ç¬¬å››å±†è‚²é”è§€ä¼‘ç›ƒé«˜ä¸­è·å°ˆé¡Œç«¶è³½,https://bhuntr.com/tw/competitions/6uj0cbk1mjfnpfbre2
è‡ºä¸­å¸‚å¤§è‚šå€113å¹´åº¦ç¾½çƒç¤¾å€è¯èª¼è³½,https://bhuntr.com/tw/competitions/4phu0or57h6510lakl
2024å¹´é‹¼çµæ§‹é«˜å¡”å‰µæ„è¨­è¨ˆæ¯”è³½,https://bhuntr.com/tw/competitions/ar0hc6u73aeh9m5dqq
2024æ–°åŒ—ã€æ–‡è—å¾©èˆˆç›ƒã€å…¨åœ‹é«˜ä¸­è·æ°´å½©å¯«ç”Ÿæ¯”è³½,https://bhuntr.com/tw/competitions/gi4lerk5jxgc3ddk9y
2024(ç¬¬19å±†)å·¥æ¥­æ©Ÿå™¨äººç«¶è³½,https://bhuntr.com/tw/competitions/cnw5rmw6vo98lod3hv
Fun3sportï½œForceKids 2024å°éµäººæŒ‘æˆ°è³½,https://bhuntr.com/tw/competitions/7qd58bj4bolfrr0ioq
112å­¸å¹´åº¦å¥åº·ä¿ƒé€²å­¸æ ¡è¸æª³å®³é˜²åˆ¶è­°é¡Œã€ŒæŠ½è¸è‚ºå»¢ã€æª³è‡´ç™Œæ­¸ã€Lineè²¼åœ–è¨­è¨ˆç«¶è³½,https://bhuntr.com/tw/competitions/4s6ix0yik4jzk5qtdh
113å¹´æ¡ƒåœ’å¸‚é‹å‹•æœƒ-å¸‚é•·ç›ƒè¹¼æ³³éŒ¦æ¨™è³½æš¨113å¹´å…¨æ°‘é‹å‹•æœƒæ¡ƒåœ’å¸‚è¹¼æ³³ä»£è¡¨éšŠç¸½æ±ºé¸,https://bhuntr.com/tw/competitions/oer5v7rtl9lcoyu2yn
113å¹´æ¾æ¹–ç¸£é‹¼ç´ç¨å¥æ¯”è³½,https://bhuntr.com/tw/competitions/u033jx0qsuy766o96p
ã€Œé‹ç”¨ Cool Englishç¶²ç«™è³‡æºâ€§èå…¥è‹±èªèª²ç¨‹æ•™å­¸ã€æ•™æ¡ˆå¾µç¨¿æ¯”è³½,https://bhuntr.com/tw/competitions/r2cn81e8dqxxm9ycfc
2024å¹´ç¬¬16å±†ç”Ÿæ´»ç§‘æŠ€å­¸è—ç«¶è³½,https://bhuntr.com/tw/competitions/o64n2ug99d0fzucxty
ç¬¬å››å±†æ¼³å·å¸‚æ–‡å‰µè¨­è¨ˆæ¯”è³½,https://bhuntr.com/tw/competitions/l2u2gl3lgdjh6efzrt
ç¬¬ä¸€å±† iè±¡æ£‹é’å°‘å¹´è±¡æ£‹éŒ¦æ¨™è³½,https://bhuntr.com/tw/competitions/q5qc5hgama6aov2liu
èŠ±è“®ç¸£113å¹´åº¦æ ¡åœ’å®‰å…¨ã€Œåæ¯’å¥åº·ã€å¹¸ç¦æœ‰æˆ‘ã€æµ·å ±ç«¶è³½,https://bhuntr.com/tw/competitions/mdatun6muwke8ywmr7
112å­¸å¹´åº¦å…¨åœ‹é›¢å³¶åŠåé åœ°å€å­¸ç«¥é˜²ç–«ç¹ªæœ¬ç«¶è³½,https://bhuntr.com/tw/competitions/6bl0srujho9b6amt6m
ç¬¬äºŒåäº”å±†ã€Œå°åŒ—æ‰¶è¼ªç›ƒã€å°èªæ¼”è¬›ã€å°èªç¾ä»£è©©æœ—èª¦ã€å°èªå ±æ–°è ã€Šå°èªæ¼”è¬›ï¼å¯¦é«”çµ„ã€‹,https://bhuntr.com/tw/competitions/abim6xfvir7ywyqflt
20240511é„‰é®ä¹‹ç¾å…¬ç›Šé¦¬æ‹‰æ¾â€”è‹—æ —ä¸‰ç¾©å ´,https://bhuntr.com/tw/competitions/tut58zweedl20jcxv7
113å¹´åº¦è¬è¯å€ç†äº‹é•·ç›ƒå…¨åœ‹åœæ£‹å…¬é–‹è³½,https://bhuntr.com/tw/competitions/4ypn1r21lezh10jc1g
113å¹´æ…¶å…ƒå®µ-è¦ªå­å¯«ç”Ÿæ¯”è³½,https://bhuntr.com/tw/competitions/7g49idmyknvosxuz3i
2024 æ±ªæ±ªéšŠç«‹å¤§åŠŸè¦ªå­è·¯è·‘-æ–°åŒ—å ´,https://bhuntr.com/tw/competitions/b6x2i7u94syvian2wu
2024ç«¹å¡¹æŠ—éœ‡ç›ƒç«¶è³½,https://bhuntr.com/tw/competitions/ckh0f7zjoeh7il8coc
ç¤¾åœ˜æ³•äººç‰™é«”æŠ€è¡“å­¸æœƒã€Œ2024 æµ·å ±è«–æ–‡ç«¶è³½æ´»å‹•ã€,https://bhuntr.com/tw/competitions/k9kewbouoocoiyea3d
2024é˜¿å‹ƒå‹’å±±ä¸Šæ°´é“é¦¬æ‹‰æ¾,https://bhuntr.com/tw/competitions/o00q5kt7tco0nuw19q
2024 å°ç£æ”€æ¨¹åœ‹éš›éŒ¦æ¨™è³½,https://bhuntr.com/tw/competitions/wdyebudfupndgjguh2
2024 é«˜é›„å¸‚æ”¿åºœæ•™è‚²å±€ã€Œå‰µæ„çŸ­ç‰‡@EduCaseã€ç«¶è³½æ´»å‹•,https://bhuntr.com/tw/competitions/99qy7oa38zwdukzm0q
2024å°ä¸­æ•™è‚²å¤§å­¸é«˜ä¸­ç”Ÿæ•¸å­¸è§£é¡Œç«¶è³½,https://bhuntr.com/tw/competitions/4830d2vwtek9whwq4s
2024æ–°åŒ—æ–‡è—å¾©èˆˆç›ƒå…¨åœ‹é«˜ä¸­è·æ°´å½©å¯«ç”Ÿæ¯”è³½,https://bhuntr.com/tw/competitions/0acaupn1yt5wtf3na6
2024å…¨åœ‹å…’å°‘é™¶è—ç,https://bhuntr.com/tw/competitions/2lh845tckfjtf4joc6
2024å…¨åœ‹å¤§å°ˆé™¢æ ¡æ§“æ¡¿ä¿è­‰é‡‘æ¨¡æ“¬äº¤æ˜“ç«¶è³½,https://bhuntr.com/tw/competitions/43vlxubjo3i624y97c
ã€Œç¬¬ä¸‰å±†è‡ºåŒ—å¸‚æ–‡åŒ–è³‡ç”¢ä¿å­˜ç¶­è­·è­½æšçã€å¾µä»¶,https://bhuntr.com/tw/competitions/ogb8qviuorao1k48j8
ç¬¬17å±†å°å­¸ç”Ÿå…¬ç›Šè¡Œå‹• HERO Talksï½œæˆç‚ºæ”¹è®Šä¸–ç•Œçš„å°è‹±é›„,https://bhuntr.com/tw/competitions/8hvhsqibqleit6untm
2024æ„›æˆ€é»ƒé‡‘é›¨é˜¿å‹ƒå‹’åŠé¦¬,https://bhuntr.com/tw/competitions/7k3lqiovowyroxgt6q
113 å¹´åº¦æ–°åŒ—å¸‚é’å°‘å¹´æ³•å¾‹å¸¸è­˜å»‰æ½”å“å¾·æ•™æ å‰µæ„æ•™æ¡ˆç”„é¸,https://bhuntr.com/tw/competitions/q1tp47z8p1pdh2fiiu
2024å¹´ã€Œé‡è¦‹è‡ºå—â€¢åºœåŸ400ã€æ–°èå½±éŸ³å ±å°ç«¶è³½,https://bhuntr.com/tw/competitions/tvl9m0g4ewlv3ipika
2024 å¹´å®¢å®¶åˆå”±æ¯”è³½,https://bhuntr.com/tw/competitions/1ekhhn9yiqw3mso2qm
2024ç¬¬ä¸€å±†æ˜¶æ‡‹ç‰è˜­åœ’ã€Œå®œè˜­ï¼Œæˆ‘çœ‹è¦‹çš„æœªä¾†ã€å¾µæ–‡æ¯”è³½,https://bhuntr.com/tw/competitions/y5p700a9txv8o48ck6
2024ä¸­èˆˆæ–°æ‘åŠç¨‹é¦¬æ‹‰æ¾-èˆˆå¤¥é¼åŸ,https://bhuntr.com/tw/competitions/expfcgpmpoah333a8d
ç¬¬äº”å±†æ–°å°æ–‡å°èªæ–‡å­¸ç,https://bhuntr.com/tw/competitions/805h4g7x3wgxx475nc
113å¹´åº¦ã€ŒWomençš„ç¾½çƒè³½ã€,https://bhuntr.com/tw/competitions/d7pmqiizuotx0tj7o3
ç¬¬ 9 å±†åŸä½æ°‘æ—èªè¨€å–®è©ç«¶è³½,https://bhuntr.com/tw/competitions/gkh2rowb723dn7br9x
ã€Œæ½®æ¾æ¹–â€¢æ…¢æ´»å°å³¶æ¨‚éŠè¶£ã€çŸ­å½±éŸ³ç«¶è³½,https://bhuntr.com/tw/competitions/mk4vygmotoii7gl3k7
2024ç¬¬åä¹å±†å…¨åœ‹é¼“ç‹ç›ƒé¼“è—å¤§è³½,https://bhuntr.com/tw/competitions/6nwbbvijh8gztx3tby
2024ã€Œå‰µæ–°å‰µæ¥­ã€ç¬¬å…«å±†å˜‰ç¾©åœ‹éš›å•¤é…’è¶…åŠç¨‹-å…¬ç›Šé¦¬æ‹‰æ¾,https://bhuntr.com/tw/competitions/gwh68o8inwkudxi7hy
2024å“¡å±±é ‘åŸ¤è·¯è·‘,https://bhuntr.com/tw/competitions/3lhonnbaawzvqijnl5
ç¬¬åä¸‰å±†è‡ºå—æ–‡åŒ–ç,https://bhuntr.com/tw/competitions/dxx6i9ugx89al2xccv
ç¬¬21å±†å°ç©é›»é’å¹´å­¸ç”Ÿæ–‡å­¸çå¾µæ–‡,https://bhuntr.com/tw/competitions/ku4495pl94isjke273
2024é›²æ—åŠç¨‹é¦¬æ‹‰æ¾-èˆ‡æ—é„‰é‡,https://bhuntr.com/tw/competitions/zz0dlozwg4eu82cx9r
åœ‹ç«‹è™å°¾ç§‘æŠ€å¤§å­¸ç¬¬åå››å±†éµäººä¸‰é …å®Œæˆè³½,https://bhuntr.com/tw/competitions/wnth45yin6lfs0vyk5
113 å¹´åº¦ç¬¬10 å±†å…¨åœ‹é«˜ç´šä¸­ç­‰å­¸æ ¡å¤æ–‡èƒŒèª¦æ¯”è³½,https://bhuntr.com/tw/competitions/eyi3w7tnpctpexpm0a
2024å…¨åœ‹é«˜ä¸­è·å°ç£æ™¯é»å°è¦½è§£èªªç°¡å ±ç«¶è³½,https://bhuntr.com/tw/competitions/pp2nj5d1f9w37yk9ek
2024å®¶åº­å°å‹‡å£«è¶£å‘³ç«¶è³½,https://bhuntr.com/tw/competitions/kzsv907ipw2b0th7vo
ç¬¬äºŒå±†è”¬è·‘ç›ƒ èŠ±è“®æ£®æ—è·¯è·‘,https://bhuntr.com/tw/competitions/074h60k5xp922un6cb
åœ–æ›¸é¤¨è—è¡“ä¸­å¿ƒ2024å¹´å±•è¦½å¾µä»¶,https://bhuntr.com/tw/competitions/yfmcmo6qzu0n9utfir
112å­¸å¹´åº¦ã€Œéå¸¸å¥½ç¤¾17ã€å°ˆåˆŠå¾µç¨¿è¨ˆç•«,https://bhuntr.com/tw/competitions/by3uejmp2b8rzuvo67
112å­¸å¹´åº¦ç¬¬48å±†å…¨åœ‹å­¸ç”ŸåŠé“éŒ¦æ¨™è³½,https://bhuntr.com/tw/competitions/20aaghizuli6j10cnm
ç¬¬äºŒåäº”å±†åŒ—éŸ»ç,https://bhuntr.com/tw/competitions/kg4cwyd84h5yhl31or
113å¹´é«˜é›„å‹èª¼ç›ƒé£›é¢é‚€è«‹è³½,https://bhuntr.com/tw/competitions/elkrads0i8zh5vpzel
æ•™è‚²éƒ¨ã€Œ113å¹´åº¦åŸä½æ°‘æ—èªæœ—è®€æ–‡ç« ã€å¾µä»¶,https://bhuntr.com/tw/competitions/224n8wfcpsbxrfm69a
æ±æ­¢å¥½è²éŸ³å››æš¨æ¯è¦ªç¯€æ„Ÿæ©æ´»å‹•,https://bhuntr.com/tw/competitions/gwg9a616gsd8cabtap
2024æ»¬å°¾æ–°æ˜Ÿå¬é›†ä»¤,https://bhuntr.com/tw/competitions/7b9025h6yqwqk4i54p
2024å¹´å…¨åœ‹é«˜ä¸­è‹±èªè¾¯è«–æ¯”è³½å…¨åœ‹è³½,https://bhuntr.com/tw/competitions/4briu68uonxjvw1knu
2024å¹´å˜‰è—¥æ™ºæ…§ç›ƒå…¨åœ‹é«˜ä¸­è·å°ˆé¡Œè£½ä½œç«¶è³½,https://bhuntr.com/tw/competitions/q5bjqb3bcse1met948
2024ç¬¬ä¸ƒå±†å…¨åœ‹é«˜ä¸­ç‰©ç†æ¢ç©¶å¯¦ä½œç«¶è³½,https://bhuntr.com/tw/competitions/brglxb932og1ec1dln
2024é€šè¨Šå¤©ç·šç³»çµ±è¨­è¨ˆç«¶è³½,https://bhuntr.com/tw/competitions/pbzfose8s83ula25zj
113å¹´æ•™è‚²éƒ¨æ–‡è—å‰µä½œç,https://bhuntr.com/tw/competitions/gomnsy4dnu5w91qrxf
113å¹´ã€Œæ™‚é–“é æ¸¬åˆ†æèˆ‡æ¢è¨ã€åœ‹é“æ™ºæ…§äº¤é€šç®¡ç†å‰µæ„ç«¶è³½,https://bhuntr.com/tw/competitions/tnr8g97mf3u3r6yh3v
çˆ­é®®å“ç‰Œå¤§ä½¿-ä¼æ¥­å…§éƒ¨é¸æ‹”,https://bhuntr.com/tw/competitions/gp9ycu2d4q27f2u3hn
113å¹´ç¾ç¾¤æœƒé•·ç›ƒç¾è—ç¾¤å‰µæ ¡åœ’å¯«ç”Ÿæ¯”è³½,https://bhuntr.com/tw/competitions/3ch2s5sxxjfg0s5yfy
è‡ºåŒ—å¸‚113å¹´åº¦ä¸­å°å­¸è³‡é€šè¨Šæ‡‰ç”¨å¤§è³½,https://bhuntr.com/tw/competitions/b8jtbeaotj8b2f6g5t
2024å¤ªå¹³æ´‹å—å³¶è¯åˆè±å¹´ç¯€å¤§æœƒèˆå¾µé¸,https://bhuntr.com/tw/competitions/3wm39rujecnxtn897j
ç¬¬äº”å±†ã€Œä¸‰å¥½æ­Œæ›²ã€æ­Œå”±è§€æ‘©è³½æš¨èˆè¹ˆå‰µæ„å¤§è³½,https://bhuntr.com/tw/competitions/owqhymcg0czwma93j1
ã€PanasonicÃ—Wemakeã€‘ä½å®…ã®ã‚¨ãƒãƒ«ã‚®ãƒ¼ã‚’æ´»ç”¨ã—ã¦ã€æš®ã‚‰ã—ã‚’åˆ·æ–°ã™ã‚‹ã‚µãƒ¼ãƒ“ã‚¹: ã€PanasonicÃ—Wemakeã€‘åˆ©ç”¨ä½å®…èƒ½æºï¼Œæ›´æ–°ç”Ÿæ´»çš„æœå‹™,https://bhuntr.com/tw/competitions/4agf9tp91s4g7eruve
113 å¹´åº¦è·æ¥­å®‰å…¨è¡›ç”Ÿå…’ç«¥ç¹ªç•«å¾µé¸æ¯”è³½,https://bhuntr.com/tw/competitions/4tjfhmqey0umlw72v0
113å¹´å…¨åœ‹å­è¡Œç,https://bhuntr.com/tw/competitions/ajz330al1zxcg382uq
å±æ±ç¸£æ³°æ­¦é„‰113éƒ¨è½ç¾å­¸æ•™è‚² ã€Œ3092æ³°æœƒç•«äº†å§ - ai qeminaljan i Kulaljuc macaqu adravac a cemiyuga ã€ å¯«ç”Ÿæ¯”è³½,https://bhuntr.com/tw/competitions/7y2w64y73smwdbf7iu
é é›„äººå£½ç¬¬å…­å±†é‡‘éšªç,https://bhuntr.com/tw/competitions/qkswylol30eiwmd2el
2024(ç¬¬åäºŒå±†)å…¨åœ‹è¨ˆç®—æ©Ÿå¤šåª’é«”ç¶œåˆèƒ½åŠ›èˆ‡äººå·¥æ™ºèƒ½ç´ é¤ŠåŠå•†å‹™å°ˆæ¥­æ‡‰ç”¨å¤§è³½,https://bhuntr.com/tw/competitions/l7r5cwguuawyall1ez
2024å±æ±é’å¹´è—è¡“è¨ˆç•«,https://bhuntr.com/tw/competitions/i2lma7zw6d4o4xcrpi
2024ç¬¬å…­å±†ã€è¡¨æ¼”è—è¡“é‡‘å‰µçã€‘,https://bhuntr.com/tw/competitions/po7lj20udaeed8xsus
112å­¸å¹´åº¦æ•™è‚²ç›ƒä¸­å°å­¸æ°‘ä¿—é«”è‚²éŒ¦æ¨™è³½,https://bhuntr.com/tw/competitions/qj5r305flaskjcmdwl
2024ä¿¡ä»°ç›ƒç™¾ç±³å®šå‘é«”é©—è³½,https://bhuntr.com/tw/competitions/m67j3cqtoz75v0n3tv
2024ç´å´”èŠä¸‰å°ä¸‰ç±ƒçƒè³½,https://bhuntr.com/tw/competitions/xhjave3ntfwfwhlide
113å¹´è‡ºåŒ—å¸‚é’å¹´ç›ƒå…¨åœ‹ç±ƒçƒéŒ¦æ¨™è³½,https://bhuntr.com/tw/competitions/xc2n36agu5mbxxhcqw
å…«ç™¾å£¯å£«è¶…é¦¬ç³»åˆ—- åˆ¶éœ¸æµ¸æ°´ç‡Ÿ,https://bhuntr.com/tw/competitions/u6mtqcq9nldpanc31g
2024å°æ±é–‹å­¸é¦¬æ‹‰æ¾æ´»æ°´æ¹–ç¹åœˆå…¬ç›Šè·¯è·‘,https://bhuntr.com/tw/competitions/ou8n1otiuudyjd80km
2024å°æ±æ˜Ÿå…‰å¤œè·‘è³æœˆå…‰,https://bhuntr.com/tw/competitions/l3dvljifcb3ol7gb2v
ç¬¬äºŒå±†å…¨åœ‹å¤§å°ˆé™¢æ ¡å…¬ç›Šå¤¢æƒ³å®¶è¨ˆç•«,https://bhuntr.com/tw/competitions/offpcxt35lhe4nlvuo
113å¹´å°åŒ—å¸‚ä¸­å±±ç›ƒåœæ£‹å…¬é–‹è³½,https://bhuntr.com/tw/competitions/b0rvys4iclft2ybisx
113å¹´ä¸‹åŠå¹´è¦–è¦ºè—è¡“å±•è¦½å¾µé¸,https://bhuntr.com/tw/competitions/a5raybc6t55k6u1g86
112 å­¸å¹´åº¦å…¨åœ‹ä¸­ç­‰å­¸æ ¡èº«å¿ƒéšœç¤™è€…æœƒé•·ç›ƒç”°å¾‘éŒ¦æ¨™è³½,https://bhuntr.com/tw/competitions/9etxhpex713t9wkuua
2024 ç§‘å­¸ HomeRun å‰µæ„ç«¶è³½,https://bhuntr.com/tw/competitions/topbcq40xvd7gnjugz
2024ä¸–ç•Œå»šç‹å°åŒ—çˆ­éœ¸è³½,https://bhuntr.com/tw/competitions/stsh1hq24nildd40s7
2024 çŸ³ç¢‡é¦¬æ‹‰æ¾,https://bhuntr.com/tw/competitions/wtpfpst3u0190oiop7
113 å¹´åº¦ç¬¬10 å±†å…¨åœ‹é«˜ç´šä¸­ç­‰å­¸æ ¡å¤è©©è©æ›²æ–‡åŸå”±æ¯”è³½,https://bhuntr.com/tw/competitions/wi32ruhjp38iiktl0y
ç¬¬ä¸€å±†è‡ºåŒ—ié‹å‹•å…¨åœ‹åœæ£‹å…¬é–‹è³½,https://bhuntr.com/tw/competitions/8u74iogqg3xikjaomy
2024å¹´æ¡ƒåœ’å¸‚ä¸­å£¢ç›ƒåœæ£‹å…¬é–‹è³½,https://bhuntr.com/tw/competitions/dl2b5knmw1oq6j4ob3
2024å¥½æ£‹å¯¶å¯¶ç›ƒè¦ªå­åœæ£‹å˜‰å¹´è¯,https://bhuntr.com/tw/competitions/pnf7d1fn6xwp39i5n5
ç¬¬å…«å±† å ‰ç’˜å°ç£å¥‰ç»ç,https://bhuntr.com/tw/competitions/ofc9rvpm2zcr047765
2024æ—¥æœˆæ½­ç’°æ¹–é¦¬æ‹‰æ¾,https://bhuntr.com/tw/competitions/zyurvzcye2jlz9z5ot
å·¥æ¥­æ©Ÿå™¨äººç«¶è³½,https://bhuntr.com/tw/competitions/3m0ij8k1608kv2h1ir
ä¸­è¯æ°‘åœ‹å¡å·´è¿ªé‹å‹•å”æœƒ2024å¹´æœƒé•·ç›ƒå…¨åœ‹å¡å·´è¿ªéŒ¦æ¨™è³½,https://bhuntr.com/tw/competitions/73qeioywsemx3pjsb3
2024 éŒ¢è™çˆºåŠç¨‹é¦¬æ‹‰æ¾è®“æ„›ä¸æµæµª,https://bhuntr.com/tw/competitions/vx0kq331botx9h74x3
Force 2024 è˜­é™½éµäººä¸‰é …è³½,https://bhuntr.com/tw/competitions/ymhg3jq1wpud9dlsex
ä¸–ç•Œå¹´åº¦å¤«äººå°ç£é¸ç¾å¤§è³½ 2024,https://bhuntr.com/tw/competitions/yj0531eeowtkxx5jeq
20240608é„‰é®ä¹‹ç¾å…¬ç›Šé¦¬æ‹‰æ¾â€”ç¥å²¡å ´,https://bhuntr.com/tw/competitions/y3xyrpqv351s36b05z
ç¬¬åäº”å±†å»£é”æ¸¸è—çâ€“å°è¦½é”äººç«¶è³½,https://bhuntr.com/tw/competitions/yhdb5lgqdbmtd6xm4a
2024å¹´æ–°åŒ—å¸‚æ£‹ç‹ç›ƒå…¨åœ‹åœæ£‹å…¬é–‹è³½,https://bhuntr.com/tw/competitions/vnotkx9c7nopzv0a2i
2024å¹´ç¬¬äºŒå±†ã€å¼µæ¿¬å…ƒç›ƒã€‘æ…¢æ£‹æœ€å¼·æˆ°,https://bhuntr.com/tw/competitions/e3iwe3r4uivgm8p1bo
113å¹´é¯¨é·¹ç›ƒå…¨åœ‹åœæ£‹å…¬é–‹è³½,https://bhuntr.com/tw/competitions/m6iejygj6neuaubfhs
113å¹´åº¦è‡ºåŒ—å¸‚é’å°‘å¹´æš¨å®¶åº­æ•™è‚²åœæ£‹æ˜¥å­£å‡ç´šè³½,https://bhuntr.com/tw/competitions/d9y8uk0t6genfmlta1
113å¹´ç¬¬äºŒå±†å¯¶è²é¾ç›ƒå…’ç«¥é«”èƒ½ç«¶è³½-è¶…è¶Šè‡ªæˆ‘,https://bhuntr.com/tw/competitions/bhs0ctctyby5xpvn2v
113å¹´å®¢å®¶æˆ²æ›²åŠ‡æœ¬å‰µä½œå¾µé¸,https://bhuntr.com/tw/competitions/t3oxztfo40h397wc0s
2024é˜¿é‡Œå±±é›²ç«¯é¦¬æ‹‰æ¾,https://bhuntr.com/tw/competitions/qmvyr9rjq5tcmmjoen
113 å¹´å¥½å„ª Show å­¸ç”Ÿè—åœ˜æ´»å‹•å¾µé¸,https://bhuntr.com/tw/competitions/6luy1jxjpz3zv5azyf
2024 å…¨åœ‹é«˜ä¸­è·æ•™ä¿å‰µæ„èªªæ¼”æ•…äº‹ç«¶è³½,https://bhuntr.com/tw/competitions/70frp8e3dnq32x9gxp
2024å¹´ç¬¬ä¸€å±†ã€å¼µæ¿¬å…ƒç›ƒã€‘æ…¢æ£‹æœ€å¼·æˆ°,https://bhuntr.com/tw/competitions/vf0qub1va68pb5trta
2024å¹´ç¾å¥½ç”Ÿæ´»ä½ç©ºé–“è¨­è¨ˆå¾µä»¶,https://bhuntr.com/tw/competitions/dga9tr4dt1kennh6aj
å°å—å¤§é ç™¾ã€Œå¯¶å¯¶å¥—å¥—æ¨‚è¶£å‘³è³½ã€,https://bhuntr.com/tw/competitions/tvbivjne31zhv2yz2e
2024åŠ æ‹¿å¤§iCANåœ‹éš›ç™¼æ˜å‰µæ–°ç«¶è³½,https://bhuntr.com/tw/competitions/zp6udhnvxf0ghrcer7
112 å­¸å¹´åº¦å…¨åœ‹ä¸­ç­‰å­¸æ ¡èº«å¿ƒéšœç¤™è€…æœƒé•·ç›ƒæ¡ŒçƒéŒ¦æ¨™è³½,https://bhuntr.com/tw/competitions/m182rir1ycbvje0mk4
112 å­¸å¹´åº¦å…¨åœ‹ä¸­ç­‰å­¸æ ¡èº«å¿ƒéšœç¤™è€…æœƒé•·ç›ƒä¿é½¡çƒéŒ¦æ¨™è³½,https://bhuntr.com/tw/competitions/6jbbhso6lfik0yvgtq
2024å®åˆ©ç™¼å»ºè¨­ç™¼ç¾å¹¸ç¦å…¬ç›Šå®šå‘æ´»å‹•,https://bhuntr.com/tw/competitions/nicrwofrc9r889n3y5
20240413é„‰é®ä¹‹ç¾å…¬ç›Šé¦¬æ‹‰æ¾â€”å½°åŒ–æºªå·å ´,https://bhuntr.com/tw/competitions/sucix81saj33ig8436
113å¹´åº¦è‡ºä¸­å¸‚åœ‹å°æ•™è‚²ç›ƒé«˜æ™ºçˆ¾çƒéŒ¦æ¨™è³½,https://bhuntr.com/tw/competitions/ecy99y1q53ufpuz7qt
ç¬¬ä¹å±†é‡‘é–€æ–‡åŒ–ç,https://bhuntr.com/tw/competitions/n9g9x7c60deocid5eu
æ–°åŒ—å¸‚æ±æ­¢åœ°æ”¿äº‹å‹™æ‰€113å¹´åº¦ç¶²ç«™é¦–é å¾µç¨¿,https://bhuntr.com/tw/competitions/qc9vvmfqbje33glod4
113å¹´åº¦å°ä¸­å¸‚æ•™å¸«è·æ¥­å·¥æœƒç›ƒç¾½çƒéŒ¦æ¨™è³½,https://bhuntr.com/tw/competitions/qytu3beg3jd3lwpme1
2024æ·¡æ°´å¹³å®‰å®®æ¼äººç¢¼é ­å…¬ç›Šè·¯è·‘è³½,https://bhuntr.com/tw/competitions/f2d5cxpi608m6quftd
ç¬¬äº”å±†å…¨åœ‹åå¤§å‚‘å‡ºé’å°‘å¹´åŠå…’ç«¥ç,https://bhuntr.com/tw/competitions/1glgg1cdqyuaw252iv
ç¬¬28å±†ã€Œè‡ºæ³•æ–‡åŒ–çã€å¾µä»¶,https://bhuntr.com/tw/competitions/0ijmx2okn6kh5anerb
ç¬¬äºŒåäº”å±†ã€Œå°åŒ—æ‰¶è¼ªç›ƒã€ã€Šå°èªå ±æ–°èã€‹,https://bhuntr.com/tw/competitions/pq6kllifpmfdustl5p
2023ç”Ÿæˆå¼AIå”åŠ©æ•¸ä½å­¸ç¿’å¯¦é©—æ–¹æ¡ˆå¾µä»¶,https://bhuntr.com/tw/competitions/uv2d79piv0wcxntxdm
æ–°ç«¹ç¸£112å­¸å¹´åº¦ç´ é¤Šå°å‘å¤šå…ƒè©•é‡å¾µç¨¿,https://bhuntr.com/tw/competitions/n8ckpdfi63eomowmmp
æ–°åŒ—å¸‚112å¹´åº¦åœ‹æ°‘ä¸­å­¸åœ‹éš›å‰µæ„è‹±æ–‡å£èªå¤§è³½,https://bhuntr.com/tw/competitions/74vrdsy393qdehp2ue
113 å¹´å…¨åœ‹èº«å¿ƒéšœç¤™è€…æœƒé•·ç›ƒæ¡ŒçƒéŒ¦æ¨™è³½ æš¨ 2024 å¹´åœ‹éš›è³½äº‹åœ‹å®¶ä»£è¡¨éšŠé´é¸,https://bhuntr.com/tw/competitions/dg0913lhgmbd8hjtw4
æ–°åŒ—å¸‚æ”¿åºœæ•™è‚²å±€ç¬¬äºŒå±†åœ‹æ°‘ä¸­å°å­¸å…¨æ°‘åœ‹é˜²æ•™è‚²èå…¥å¼æ•™å­¸å„ªè‰¯æ•™æ¡ˆç”„é¸,https://bhuntr.com/tw/competitions/02mtwao5786uqm7xtp
113å¹´åº¦æ™ºæ…§éµäººå‰µæ„ç«¶è³½,https://bhuntr.com/tw/competitions/8qhav0bexqmp5ywgdo
113 å¹´è‡ºåŒ—å¸‚é’å¹´ç›ƒåœæ£‹éŒ¦æ¨™è³½,https://bhuntr.com/tw/competitions/dabcphbw5ivw3p9mw9
2024 å—æ‡‰ç›ƒï½œå…¨åœ‹ä¸­ç­‰å­¸æ ¡ï½œè¡—èˆæš¨å•¦å•¦èˆå…¬é–‹è³½,https://bhuntr.com/tw/competitions/3jxy6dr7th33b1a4xa
2024 tSt å˜‰ç¾©å¸ƒè¢‹éµäººè³½,https://bhuntr.com/tw/competitions/hshub1jpbxrdo754we
è²¡åœ˜æ³•äººä¸­è¯æ°‘åœ‹ä¸­å±±å­¸è¡“æ–‡åŒ–åŸºé‡‘æœƒ-113å¹´åº¦å­¸è¡“è‘—ä½œçç”³è«‹,https://bhuntr.com/tw/competitions/ycbmfnvyx724lsoiog
2024 å¹´ ã€æ¨¹æ—æ£‹è—ç›ƒã€‘å…¨ åœ‹ åœ æ£‹ å…¬ é–‹ è³½,https://bhuntr.com/tw/competitions/w13r9v8qjqjkclbz8b
113å¹´åº¦æ–‡å±±å€é•·ç›ƒå…¨åœ‹åœæ£‹å…¬é–‹è³½(ä¸ŠåŠå­£),https://bhuntr.com/tw/competitions/x4sq6s6w9qbzgwmrbc
113å¹´åº¦é˜²æ¸›ç½åŠæ°£å€™è®Šé·èª¿é©æ•™è‚²æ–°ä¸–ä»£é˜²ç½KOLç”„é¸,https://bhuntr.com/tw/competitions/81dyv0guhgqyeb9w8i
2024 tStå°éµäººè³½ ( 2024 tSt Kid Triathlon ),https://bhuntr.com/tw/competitions/sojvfn18g8doe7ieq3
2024æµªæ¼«å°ä¸‰ç·šæ–°åº—è€è¡—è·¯è·‘è³½,https://bhuntr.com/tw/competitions/2qn9rvhq0pp6hka82v
113å¹´åº¦é«˜é›„å¸‚è¡¨æšæ¨å±•å®¶åº­æ•™è‚²ç¸¾å„ªå€‹äººæš¨åœ˜é«”å¾µé¸æ´»å‹•,https://bhuntr.com/tw/competitions/dm6xvhp0gahw6h269c
ç‘ä¿¡2024 Happy Run ç‚ºå…’ç«¥å‹å–„é†«ç™‚è€Œè·‘,https://bhuntr.com/tw/competitions/5trv2bbh3fuabw909t
2024å…¨åœ‹é¦–å‰µå……æ°£æ¯›æ¯›èŸ²ç«¶æŠ€æ¯”è³½,https://bhuntr.com/tw/competitions/zid6m9kvlg4pesqk3c
2023 æ•™è‚²å®¶å¹´åº¦å¾µä»¶æ´»å‹•,https://bhuntr.com/tw/competitions/3ri981icyeykavp8t7
æ¾æ¹–ç¸£112å¹´åº¦äº¤é€šå®‰å…¨å‰µæ„æ•™å­¸æ•™æ¡ˆå¾µé¸,https://bhuntr.com/tw/competitions/c40hhoqjh7x1y5w7hp
æ†æ˜¥å¤åŸåŒæ¿Ÿæœƒå…¨åœ‹å…¬ç›Šé¦¬æ‹‰æ¾,https://bhuntr.com/tw/competitions/vearn1bp7bw5evp1hm
2024 å°‡è»æ¼æ¸¯é¦¬æ‹‰æ¾,https://bhuntr.com/tw/competitions/slvh4d47j17exmzjn7
2024ç¬¬äº”å±†TAIPEI MORNING SUMMERåŠç¨‹é¦¬æ‹‰æ¾,https://bhuntr.com/tw/competitions/ggs4et0hxgnk2aix2b
2024è‡ºç£æ–‡æ—¦å¤§è¯ç›Ÿ æŸšèŠ±è¿½é¦™è·¯è·‘-ä¸‹ç‡Ÿå ´,https://bhuntr.com/tw/competitions/hufcxquil1yygf8r1q
112å­¸å¹´åº¦å…¨åœ‹é›¢å³¶åŠåé åœ°å€å­¸ç«¥é˜²ç–«è¡¨æ¼”ç«¶è³½,https://bhuntr.com/tw/competitions/5h8onfibqhq2fql19j
ç¬¬äºŒåäº”å±†ã€Œå°åŒ—æ‰¶è¼ªç›ƒã€ã€Šå°èªæ¼”è¬›ï¼é ç«¯è¦–è¨Šçµ„ã€‹,https://bhuntr.com/tw/competitions/i5666ixqfirnbo73jl
ç¬¬äºŒåäº”å±†ã€Œå°åŒ—æ‰¶è¼ªç›ƒã€ã€Šå°èªç¾ä»£è©©æœ—èª¦ã€‹,https://bhuntr.com/tw/competitions/1fpj45wqu4acmad5ec
2024 å…«ç™¾å£¯å£«ç³»åˆ—--åˆ¶éœ¸ç’°é‡‘è¶…é¦¬,https://bhuntr.com/tw/competitions/gtpc7lazwls1xo1upx
2024 å…«ç™¾å£¯å£«ç³»åˆ—--åˆ¶éœ¸é¢¨åŸè¶…é¦¬,https://bhuntr.com/tw/competitions/1jfqr1zkbu6s52hym5
2024 å¤§ç”²åª½ Bobi Run,https://bhuntr.com/tw/competitions/26sgv1nbzuc3ijx7dp
ã€æ–°ç«¹ç´…çŸ³ã€‘å°èœ˜è››äººå°æ¯”è³½,https://bhuntr.com/tw/competitions/8tp4ujz2i15yg6n8zt
ä¸–æ–°å¤§å­¸ã€Šäººæ–‡ç¤¾æœƒå­¸å ±ã€‹ç¬¬24æœŸå¾µç¨¿,https://bhuntr.com/tw/competitions/5jyv99jzlsczw8i0hg
2024å°å—è–æ•™æœƒå…’ç«¥ç‰§å€ç¬¬äºŒå±†è–ç¶“èªªæ•…äº‹æ¯”è³½,https://bhuntr.com/tw/competitions/7ws7wztfnkddelhi7r
